"(PDH-TSV 4.0) (Hora de verano romance)(-120)"	"\\GI-AN-B3_01\Disco físico(0 D: C:)\% de tiempo inactivo"	"\\GI-AN-B3_01\Disco físico(0 D: C:)\Longitud promedio de la cola de disco"	"\\GI-AN-B3_01\Disco físico(0 D: C:)\Transferencias de disco/s"	"\\GI-AN-B3_01\Disco físico(0 D: C:)\Promedio de segundos de disco/transferencia"	"\\GI-AN-B3_01\Disco físico(0 D: C:)\Promedio de bytes de disco/transferencia"	"\\GI-AN-B3_01\Interfaz de red(Controladora Realtek PCIe GBE Family)\Ancho de banda actual"	"\\GI-AN-B3_01\Interfaz de red(Controladora Realtek PCIe GBE Family)\Total de bytes/s"	"\\GI-AN-B3_01\Memoria\Bytes disponibles"	"\\GI-AN-B3_01\Memoria\Bytes de caché"	"\\GI-AN-B3_01\Memoria\Páginas/s"	"\\GI-AN-B3_01\Memoria\Errores de página/s"	"\\GI-AN-B3_01\Procesador(_Total)\% de tiempo de procesador"	"\\GI-AN-B3_01\Sistema\Cambios de contexto/s"	"\\GI-AN-B3_01\Sistema\Llamadas al sistema/s"
"09/21/2022 10:40:53.970"	" "	" "	" "	" "	" "	"1000000000"	" "	"13197893632"	"71282688"	" "	" "	" "	" "	" "
"09/21/2022 10:40:54.970"	"99.824567121922954"	"0.00019996908477949309"	"3.008931653976032"	"6.661987235504136e-005"	"10922.666666666666"	"1000000000"	"0"	"13194285056"	"69734400"	"0"	"3078.1370820174811"	"1.5777160850932392"	"4150.3197280509403"	"17506.967340050549"
"09/21/2022 10:40:55.972"	"99.151876852550913"	"0.010075801954027208"	"3.9908179595181092"	"0.0025250321764359418"	"18432"	"1000000000"	"81.81176817012124"	"13175631872"	"69738496"	"158.63501389084485"	"10665.460996812148"	"10.371501801274064"	"14332.02499711941"	"57448.822231753067"
"09/21/2022 10:40:56.972"	"72.580150873526463"	"0.46423700303868765"	"742.89656796109341"	"0.00062489889017566791"	"8469.0174966352624"	"1000000000"	"0"	"13177348096"	"70012928"	"8.9987471220051685"	"7279.9864217021814"	"58.599368065753474"	"45036.729624053201"	"100357.02748697564"
"09/21/2022 10:40:57.976"	"99.593407448415306"	"0.0052800346051475556"	"4.9808543479580845"	"0.0010600579753290466"	"15564.799999999999"	"1000000000"	"0"	"13190385664"	"70049792"	"0"	"3700.7747805328568"	"2.7116265266149076"	"2615.944703547586"	"12182.173564235882"
"09/21/2022 10:40:58.983"	"99.675995888178889"	"0.005066755497156507"	"4.967236066364773"	"0.0010199577311345996"	"6963.1999999999998"	"1000000000"	"4202.2817121445978"	"13190443008"	"70017024"	"0.9934472132729546"	"3215.7886293645538"	"0"	"1977.9534016264524"	"10372.582353782918"
"09/21/2022 10:40:59.983"	"99.67970308667114"	"0.0048994938822819606"	"1.999804971432164"	"0.0024499645193039369"	"10240"	"1000000000"	"0"	"13199273984"	"70017024"	"0"	"3020.7054093482839"	"0.79149823823199128"	"1766.8276922603168"	"7636.2552834137177"
"09/21/2022 10:41:00.983"	"98.992400918623886"	"0.056184335807176959"	"61.988326931866474"	"0.0009064517908965677"	"5532.9032258064517"	"1000000000"	"0"	"13199343616"	"70017024"	"0"	"3026.4300906896747"	"0.80890447743169336"	"2121.6004798293657"	"9454.2196688343447"
"09/21/2022 10:41:01.977"	"100.15612602182544"	"0.0001006290827105651"	"2.0125848372467794"	"5.0045104754669917e-005"	"4096"	"1000000000"	"153.96274004937862"	"13199314944"	"70053888"	"0"	"3229.1923713624578"	"4.087905541492642"	"2901.1410428912327"	"13789.225012396309"
"09/21/2022 10:41:02.977"	"92.483082265446541"	"0.10229234853232978"	"171.99095129456023"	"0.00059476682189203852"	"8221.7674418604656"	"1000000000"	"163.9913721645807"	"13197668352"	"71778304"	"0"	"4162.7809897631068"	"9.3817782429874264"	"10277.459287241221"	"29076.470242693154"
"09/21/2022 10:41:03.979"	"50.885447689689947"	"0.75375503380375852"	"1225.4661370741323"	"0.00061480898267145614"	"8230.3270951993491"	"1000000000"	"161.53418568430388"	"13194633216"	"75124736"	"6.9798722209267101"	"12032.302584274659"	"89.868548753216743"	"65992.697599656065"	"173676.17197490737"
"09/21/2022 10:41:04.982"	"92.106880293177809"	"0.11462233884637853"	"203.59075305735252"	"0.00056323544948643628"	"8222.1176470588234"	"1000000000"	"81.835498777955422"	"13191602176"	"78163968"	"0.99799388753604179"	"3979.0016296061985"	"13.490809862189835"	"11801.277720113694"	"31429.821500172562"
"09/21/2022 10:41:05.982"	"62.885239587363237"	"0.54875845898465481"	"928.96930443773135"	"0.00059074246670717671"	"8199.7158234660928"	"1000000000"	"0"	"13187026944"	"82821120"	"4.9998347924528055"	"10254.661159320705"	"75.783083220600204"	"54055.21387512426"	"147023.14197295022"
"09/21/2022 10:41:06.982"	"49.854690475464366"	"0.76851815281672498"	"1290.4432013385781"	"0.00059535251531150446"	"8294.3206816421371"	"1000000000"	"0"	"13188640768"	"81313792"	"6.9969809522618478"	"11741.933606602846"	"90.625998331177726"	"60980.688136376935"	"169924.68113180139"
"09/21/2022 10:41:07.990"	"54.676090545431457"	"0.64567591593117024"	"943.72584748258237"	"0.00068433229854024911"	"8116.6267087276547"	"1000000000"	"8345.6723210604814"	"13199290368"	"71757824"	"5.9541062932655038"	"8088.6533994011879"	"61.245059210108579"	"50118.689723562384"	"127221.38916820403"
"09/21/2022 10:41:08.978"	"63.492680426551786"	"0.52480399810564482"	"903.91827989671162"	"0.00058062710756734935"	"8147.278835386338"	"1000000000"	"0"	"13186768896"	"84303872"	"5.0611325862077923"	"10118.216266346619"	"61.253321017393027"	"55203.797570802875"	"146919.61784502599"
"09/21/2022 10:41:09.978"	"50.504636407613511"	"0.76771846829866663"	"1217.895291545414"	"0.00063037768242609577"	"8288.2627257799668"	"1000000000"	"59.994841948049945"	"13181284352"	"85667840"	"6.9993982272724944"	"11281.030114298326"	"93.750663679517231"	"69887.991385283385"	"192181.47721218839"
"09/21/2022 10:41:10.983"	"56.705787821829979"	"0.6989202314368409"	"1130.4723706515388"	"0.00061822179359667369"	"8350.647887323943"	"1000000000"	"0"	"13194264576"	"76775424"	"5.9708047745679869"	"10329.492260002617"	"75.897801003686467"	"54812.982964663213"	"143336.13455240818"
"09/21/2022 10:41:11.983"	"84.297423696840283"	"0.19787658437432573"	"364.75064589418395"	"0.00054246555654893812"	"7838.5095890410958"	"1000000000"	"0"	"13199966208"	"71221248"	"17.987703085192631"	"5683.1148580828058"	"19.581407076406443"	"25258.732398962722"	"61696.822265372663"
"09/21/2022 10:41:12.971"	"46.093700578195573"	"0.86053720315287385"	"1109.4730380010742"	"0.00077573015016369471"	"8244.3211678832122"	"1000000000"	"0"	"13182631936"	"87252992"	"6.0737575073051504"	"11568.483465580544"	"84.185022583787756"	"66014.658053981795"	"177701.94797706258"
"09/21/2022 10:41:13.971"	"51.364411552023135"	"0.81921086985735947"	"1230.7406006392234"	"0.00066555642470270441"	"8404.1202274573516"	"1000000000"	"141.97007740923618"	"13186842624"	"84267008"	"6.9985249427088254"	"11899.491981160063"	"89.844854879789082"	"61309.078076684375"	"164746.27694064329"
"09/21/2022 10:41:14.983"	"70.976935954729726"	"0.37840530182492355"	"692.81694074139364"	"0.00054621955564519665"	"7967.0413694721829"	"1000000000"	"0"	"13197803520"	"73506816"	"2.9649797749275053"	"6779.9204186675615"	"39.777819065144215"	"39606.199833481616"	"97250.348291030532"
"09/21/2022 10:41:15.984"	"73.119808830933707"	"0.35065521446194864"	"640.66375916050413"	"0.00054727011580742331"	"8334.1778471138841"	"1000000000"	"0"	"13210550272"	"69750784"	"3.9979017732324746"	"6512.5819885957017"	"38.306723154009717"	"35559.337322016247"	"85916.908057652501"
"09/21/2022 10:41:16.984"	"100.149304054327"	"9.9989321140502192e-005"	"1.9998428193965996"	"4.9884703777892123e-005"	"4096"	"1000000000"	"315.97516546466272"	"13210537984"	"69783552"	"0"	"3013.7631288306757"	"0.7918454309079781"	"1701.8662393065063"	"7714.3936758223826"
"09/21/2022 10:41:17.984"	"97.613108514538865"	"0.026198150410581014"	"26.998830727518449"	"0.00097037838329027694"	"7547.2592592592591"	"1000000000"	"152.99337412260454"	"13210681344"	"70053888"	"0"	"3986.8273374302244"	"2.3506440445304588"	"4232.8166840587255"	"12434.461485062662"
"09/21/2022 10:41:18.977"	"93.024033205522187"	"0.080246947142332714"	"146.00459340900721"	"0.00054965321751306094"	"7775.3379310344826"	"1000000000"	"7069.6431056871697"	"13209321472"	"71450624"	"1.0069282304069462"	"3809.2094956294777"	"9.5396906233506389"	"10286.778801837363"	"26178.120134119788"
"09/21/2022 10:41:19.987"	"78.69166688118429"	"0.27880691235205707"	"502.97291808855869"	"0.00055324219181343516"	"7845.9724950884083"	"1000000000"	"589.93090785632523"	"13202546688"	"78286848"	"1.976317949267421"	"6211.5673145475048"	"27.290899766142786"	"32726.83708089386"	"75785.864400557795"
"09/21/2022 10:41:20.987"	"87.40746576940866"	"0.14947856477381144"	"220.39643512413784"	"0.00067954457088189159"	"8005.818181818182"	"1000000000"	"0"	"13208285184"	"72622080"	"1.0018019778369902"	"4073.3268418852022"	"14.855959655385419"	"13241.818543049338"	"33050.449050820142"
"09/21/2022 10:41:21.976"	"83.563944064441827"	"0.19437238350702796"	"343.81181251840962"	"0.00056529455771185623"	"7770.3529411764703"	"1000000000"	"82.919319489734079"	"13207695360"	"73289728"	"2.0224224265788799"	"4749.6590688204997"	"17.831653694349527"	"24660.407858489576"	"55174.717430711717"
"09/21/2022 10:41:22.983"	"61.096532222831748"	"0.554528779209016"	"819.83406815160527"	"0.00067648460630853732"	"8234.2012121212119"	"1000000000"	"0"	"13210406912"	"70684672"	"3.9749530577047532"	"8196.353204987201"	"49.54369365847009"	"44667.541247692738"	"109963.10138834428"
"09/21/2022 10:41:23.980"	"77.299130081387247"	"0.29377079539170009"	"538.52425825152454"	"0.00054543799561467432"	"7856.3873370577285"	"1000000000"	"142.40306270338266"	"13203341312"	"77754368"	"3.0085154092263942"	"5843.5397631873993"	"34.963468713961923"	"32010.603954168833"	"76801.381366731381"
"09/21/2022 10:41:24.986"	"84.107365243115808"	"0.18425505749821186"	"341.88552661322439"	"0.00053895287735627908"	"7915.1627906976746"	"1000000000"	"0"	"13207035904"	"74178560"	"1.987706550076886"	"4742.6678284834497"	"16.146059997779794"	"23136.904242894954"	"51080.082923875816"
"09/21/2022 10:41:25.981"	"73.352001585207091"	"0.34023270872261813"	"628.06842385731079"	"0.00054176007350214357"	"7777.4848000000002"	"1000000000"	"0"	"13207912448"	"73314304"	"3.0147284345150918"	"5981.221214077942"	"34.05856021877787"	"34740.72556987375"	"85765.004324041671"
"09/21/2022 10:41:26.991"	"65.14796594452676"	"0.47364144768419419"	"838.22937427217698"	"0.00056505306172634543"	"8066.2668240850062"	"1000000000"	"0"	"13208461312"	"72814592"	"3.9585802799158301"	"6719.6900251571215"	"45.105935956471697"	"47246.645285865408"	"113852.72743065919"
"09/21/2022 10:41:27.986"	"46.702444386228407"	"0.8561109152884635"	"1138.3626874940519"	"0.00075203204459200665"	"8253.5123674911665"	"1000000000"	"0"	"13192347648"	"88997888"	"7.0393452406876005"	"9511.1610409176174"	"76.430048658436078"	"62532.515014525299"	"160093.81756746076"
"09/21/2022 10:41:28.981"	"82.74214090413534"	"0.22490178517928403"	"411.16663968405186"	"0.00054694380010661793"	"7861.515892420538"	"1000000000"	"60.317844452428147"	"13208051712"	"73302016"	"2.0105948150809381"	"4574.1032043091345"	"19.09894713390473"	"25763.761960447144"	"62293.253858245167"
"09/21/2022 10:41:29.984"	"86.403979428136651"	"0.18004567537465652"	"311.03541929510646"	"0.00057884599673545354"	"7876.9230769230771"	"1000000000"	"0"	"13209452544"	"71966720"	"0.99690839517662322"	"4238.8544962910019"	"15.883976413418367"	"20393.755040128181"	"47846.618426502027"
"09/21/2022 10:41:30.970"	"79.971399989947841"	"0.26113317001279218"	"465.08262728494037"	"0.0005602171488896543"	"7838.0521739130436"	"1000000000"	"0"	"13210128384"	"71245824"	"3.033147569249611"	"4855.0582091788774"	"28.750772151631931"	"30824.867697094047"	"72780.37592414442"
"09/21/2022 10:41:31.971"	"99.180605463509892"	"0.014894084069807472"	"21.038679949618459"	"0.00070952226356391904"	"6924.1904761904761"	"1000000000"	"0"	"13209939968"	"71454720"	"0"	"3069.643588839569"	"3.1634634723088029"	"2221.0834975382913"	"8364.3780428268819"
"09/21/2022 10:41:32.971"	"99.139411910807922"	"0.0098989427929097179"	"4.9995749735441075"	"0.0019799896573450175"	"14745.6"	"1000000000"	"0"	"13211000832"	"70402048"	"0"	"3011.7439640629705"	"0.7918454309079781"	"2043.8262491848311"	"7575.3559999140316"
"09/21/2022 10:41:33.972"	"97.967760844782376"	"0.024574354203952754"	"39.957417217057476"	"0.00061500140511255657"	"7193.6000000000004"	"1000000000"	"59.93612582558621"	"13210484736"	"70893568"	"0"	"3211.5774088209942"	"2.445557815863364"	"4449.2584071193496"	"12885.268117070609"
"09/21/2022 10:41:34.973"	"91.955689519887258"	"0.092864362312406495"	"161.75357029946474"	"0.00057407509588770387"	"7730.5679012345681"	"1000000000"	"305.53452167676676"	"13208428544"	"72953856"	"0.99847882900904161"	"3591.5283479455225"	"11.067394962917165"	"11979.748990450482"	"29992.307065773592"
"09/21/2022 10:41:35.980"	"78.686168415612329"	"0.28324239848709626"	"442.02526571252127"	"0.00064089886371659682"	"8065.4382022471909"	"1000000000"	"0"	"13204619264"	"76800000"	"1.9866304076967249"	"5014.2551490265332"	"27.066572093632068"	"26412.251270327957"	"64830.70340957107"
"09/21/2022 10:41:36.980"	"91.159881253180899"	"0.12418621533009835"	"217.96594705990842"	"0.00056972366755438358"	"7853.7981651376149"	"1000000000"	"0"	"13211058176"	"70344704"	"0.99984379385279087"	"3851.3982939209504"	"10.947384840282727"	"13023.965258726455"	"34194.657749765451"
"09/21/2022 10:41:37.981"	"99.209404435606274"	"0.0096989641506287135"	"2.9996795530807971"	"0.003233362889886654"	"5461.333333333333"	"1000000000"	"59.993591061615945"	"13211582464"	"69898240"	"0"	"3036.6756009021269"	"0.7918454309079781"	"1967.789786821003"	"8206.1233640447008"
"09/21/2022 10:41:38.989"	"98.342860804235315"	"0.020432303908898108"	"31.737158463686331"	"0.00064374927017555564"	"7040"	"1000000000"	"0"	"13211160576"	"70295552"	"0.99178620199019785"	"3245.1244529119272"	"2.3638390275651622"	"4614.7811978603904"	"13911.785055316504"
"09/21/2022 10:41:39.987"	"86.814621017396803"	"0.15725252871888198"	"281.62609918534088"	"0.00055836322084923905"	"7935.0889679715301"	"1000000000"	"5865.0389054541456"	"13208076288"	"73388032"	"1.002228110979861"	"4074.0572711331342"	"12.303401766079192"	"19146.565832159264"	"45792.804618780821"
"09/21/2022 10:41:40.987"	"66.92970092439154"	"0.45709307396541587"	"821.67973029784787"	"0.00055632600580771119"	"7992.6812652068129"	"1000000000"	"0"	"13205192704"	"76423168"	"4.9980518874564952"	"7162.2083547251586"	"50.022624757772149"	"44348.714007778974"	"112995.95707161646"
"09/21/2022 10:41:41.987"	"34.156471636479949"	"1.1537808144418682"	"848.70588242822043"	"0.0013559341071550932"	"8622.7779083431251"	"1000000000"	"0"	"13209759744"	"72216576"	"4.9865210483444207"	"10669.160435037724"	"71.096735707201447"	"55283.564254575256"	"138562.45497876577"
"09/21/2022 10:41:42.987"	"27.197024645503781"	"1.3323542404460953"	"920.28803404345092"	"0.0014515250509716561"	"8708.4618736383436"	"1000000000"	"82.204377768587122"	"13194428416"	"86794240"	"5.0124620590601907"	"11023.406560285172"	"70.31574745722817"	"57149.084920168854"	"142205.55360036122"
"09/21/2022 10:41:43.987"	"54.29434252950842"	"0.68172896384196768"	"1197.9412018126989"	"0.00056911525132697228"	"8116.7813021702841"	"1000000000"	"59.997055182605948"	"13197746176"	"83615744"	"6.9996564379706943"	"11680.426693133668"	"83.595459353135411"	"63129.901414057691"	"164679.91706521681"
"09/21/2022 10:41:44.977"	"67.470634457422804"	"0.53180119609790111"	"742.80770828125708"	"0.00071591822523385572"	"8492.9306122448979"	"1000000000"	"245.5813239623748"	"13208010752"	"73388032"	"4.042490929421807"	"6755.0023430638403"	"43.151240439933602"	"44102.56541725956"	"103524.15021156307"
"09/21/2022 10:41:45.979"	"70.132952239040407"	"0.39167876712896071"	"640.65177344651352"	"0.00061137107129188015"	"7949.5576323987543"	"1000000000"	"0"	"13209767936"	"71737344"	"2.9936998759182876"	"5485.4560726409427"	"44.647307989338756"	"39049.821181478146"	"89488.674590908093"
"09/21/2022 10:41:46.986"	"57.118392013034189"	"0.630049416243879"	"1083.9810409878455"	"0.00058122704053908709"	"8085.0989010989015"	"1000000000"	"0"	"13195337728"	"86196224"	"5.9559397856475025"	"9575.1658620593025"	"66.652398649845892"	"61616.182395785298"	"152847.28271907187"
"09/21/2022 10:41:47.981"	"62.528579753650057"	"0.54645896600914634"	"858.66853920986762"	"0.00063641698278481154"	"8034.9227166276351"	"1000000000"	"0"	"13204090880"	"77524992"	"4.0218666941914174"	"6402.8117771527368"	"52.86979938973554"	"49278.927137253893"	"119536.91641808377"
"09/21/2022 10:41:48.989"	"53.387222393633913"	"0.68561372544527455"	"537.57104048210715"	"0.0012754612164951184"	"7872.7084870848712"	"1000000000"	"140.83964529236019"	"13209260032"	"72359936"	"2.9754854639231025"	"4915.5019864009655"	"31.040677929456461"	"34078.235018311294"	"77167.231849869713"
"09/21/2022 10:41:49.980"	"93.088421792054021"	"0.081525520060675968"	"153.34628640299874"	"0.00053157727919826258"	"7902.3157894736842"	"1000000000"	"237.08142963621518"	"13207359488"	"74334208"	"1.0088571473881496"	"3539.0708730376291"	"6.9847292005746802"	"14061.450920296031"	"31421.864712551309"
"09/21/2022 10:41:50.982"	"81.185143438063108"	"0.24177925583877444"	"433.07943174593623"	"0.00055829518781280892"	"8007.9631336405528"	"1000000000"	"0"	"13205811200"	"76038144"	"1.9957577499812729"	"4700.0095012058973"	"22.822474953445273"	"27236.106013994431"	"65427.924196511063"
"09/21/2022 10:41:51.979"	"54.427679158613294"	"0.6844343358895113"	"1186.9482592967277"	"0.00057666957829737671"	"8132.2738799661875"	"1000000000"	"82.273674777964217"	"13201248256"	"80781312"	"6.0200249837534789"	"12158.443792187443"	"82.756207639840255"	"64857.742499965396"	"170873.39247635604"
"09/21/2022 10:41:52.979"	"51.834743956962761"	"0.74752420104601391"	"1253.8700751978101"	"0.00059617205724361811"	"8261.4098883572569"	"1000000000"	"0"	"13206458368"	"75599872"	"6.999274741933549"	"13640.586575636782"	"96.875316842872124"	"68226.930391584829"	"188496.46817862071"
"09/21/2022 10:41:53.983"	"42.73210487249613"	"0.96901947304709102"	"1117.8541122985578"	"0.00086684519175295736"	"8382.745098039215"	"1000000000"	"141.47529763493333"	"13190627328"	"91623424"	"6.9741343904544602"	"11555.144380070118"	"80.540652289789222"	"59929.733122088095"	"157576.58133266683"
"09/21/2022 10:41:54.968"	"53.328389992251999"	"0.71825311097502931"	"1229.4541093844805"	"0.00058422777571511453"	"8299.3889347646582"	"1000000000"	"0"	"13195141120"	"86712320"	"6.0914324164383844"	"11604.178753315122"	"92.068759816971848"	"63947.857507770161"	"167749.92683882453"
"09/21/2022 10:41:55.968"	"52.294409727600119"	"0.74871996183607969"	"1246.8608016074234"	"0.00060048105845368768"	"8263.4418604651164"	"1000000000"	"0"	"13202558976"	"80072704"	"6.9992186136743895"	"9040.990672120548"	"90.626002080377617"	"68484.354469683763"	"189364.85948133399"
"09/21/2022 10:41:56.984"	"50.247126292534738"	"0.7745242640469262"	"1281.3920841594786"	"0.00060437806813189718"	"8315.4777265745015"	"1000000000"	"0"	"13208666112"	"73592832"	"6.8892047535455845"	"11356.361950166071"	"92.310368772567529"	"64998.662677594941"	"181051.2534395009"
"09/21/2022 10:41:57.984"	"57.393910506095303"	"0.63393273973631392"	"1065.3752362924715"	"0.00059474665891747175"	"8087.2945590994368"	"1000000000"	"0"	"13193424896"	"89210880"	"5.9964835063366131"	"9391.4925848408584"	"74.221485100430854"	"53568.585989940409"	"142419.48151724774"
"09/21/2022 10:41:58.976"	"72.915954301294889"	"0.33658948610239464"	"500.58026604365767"	"0.00067278184697233537"	"8460.3870967741932"	"1000000000"	"60.554064440765039"	"13208334336"	"74436608"	"2.0184688146921679"	"5419.5887674484711"	"25.926609572536396"	"31461.873414606824"	"68563.34869746356"
"09/21/2022 10:41:59.984"	"57.832891596988922"	"0.628894276358136"	"656.36657928167881"	"0.00095815741546004978"	"8157.9697885196374"	"1000000000"	"0"	"13207056384"	"75755520"	"3.965961204118905"	"6580.521127934293"	"40.356422336167242"	"37075.788316705584"	"93683.935563696781"
"09/21/2022 10:42:00.978"	"60.288889378796938"	"0.61909612569644534"	"971.36161417062215"	"0.00063730549337076569"	"8073.1523316062176"	"1000000000"	"82.540572395845615"	"13211013120"	"71843840"	"5.0329617314540007"	"7757.8072128631966"	"67.755410119976801"	"52610.55557123496"	"132513.85601979867"
"09/21/2022 10:42:01.979"	"69.317729335394915"	"0.42885287798940824"	"740.28944099378884"	"0.00057935230967024875"	"8063.4817813765185"	"1000000000"	"0"	"13201940480"	"81170432"	"2.9971232428898333"	"7347.947150484908"	"43.0281488520069"	"42545.163473902147"	"103648.51406777815"
"09/21/2022 10:42:02.981"	"51.580999032843799"	"0.77745707770339723"	"1254.3445875150899"	"0.00061980902562213704"	"8377.7374701670651"	"1000000000"	"81.826775000984384"	"13199097856"	"84021248"	"6.9852125000840326"	"12312.933862648126"	"95.322384736574676"	"67110.928038307349"	"182831.94986469948"
"09/21/2022 10:42:03.981"	"50.574467153293433"	"0.75211771832161567"	"1270.1866731811911"	"0.00059181751360935027"	"8288.6797797010222"	"1000000000"	"59.961605342935847"	"13206016000"	"77144064"	"6.9955206233425153"	"11362.724212486342"	"92.188354594007421"	"63380.416207572242"	"169958.17226428451"
"09/21/2022 10:42:04.983"	"41.663311148493335"	"1.0764602092426288"	"1117.2598750241427"	"0.00096398578878651884"	"8297.2368185880259"	"1000000000"	"0"	"13191286784"	"92753920"	"5.9906695711750286"	"11360.306396804912"	"82.848187775695109"	"62720.313520345488"	"173113.37704317333"
"09/21/2022 10:42:05.969"	"51.202503467828961"	"0.7530316698130014"	"1245.0809855764853"	"0.00060480442243069168"	"8268.7166123778497"	"1000000000"	"0"	"13195452416"	"87482368"	"7.0973671816249162"	"12175.026445278856"	"90.49458475225947"	"68209.754253804946"	"194938.3148297047"
"09/21/2022 10:42:06.972"	"55.223380017810264"	"0.69261025633458728"	"1149.7143885420023"	"0.0006009516948495586"	"8182.256055363322"	"1000000000"	"163.10826965474774"	"13204914176"	"78225408"	"5.967375719076137"	"9467.2415783142915"	"77.411902806851174"	"54864.052361186004"	"141339.28303155801"
"09/21/2022 10:42:07.972"	"66.70266270710222"	"0.44015158332583415"	"785.78170359986109"	"0.00056147952734899502"	"7952.9795918367345"	"1000000000"	"60.136354867336308"	"13209276416"	"73891840"	"4.0090903244890876"	"6829.4853677671599"	"49.224335323114452"	"43193.939156045424"	"107423.5752446851"
"09/21/2022 10:42:08.982"	"76.166982024176406"	"0.30088581615945936"	"541.38960950466981"	"0.00055456237560318851"	"7924.7883211678836"	"1000000000"	"81.010853976976136"	"13202743296"	"80445440"	"2.9638117308649807"	"5651.9889707595185"	"28.837880761891597"	"32957.586447218586"	"79825.329284630148"
"09/21/2022 10:42:09.969"	"63.867355378602355"	"0.46798219295827181"	"580.09448433962848"	"0.00080858104302443661"	"8027.9089316987738"	"1000000000"	"5961.4613557004195"	"13207953408"	"75251712"	"3.0477818791924438"	"6029.5284843357176"	"27.14702161820275"	"34830.051315411249"	"84112.684301953064"
"09/21/2022 10:42:10.970"	"73.294394791434058"	"0.34175421580090931"	"637.15133372205537"	"0.00053636377031605084"	"8029.8934169279"	"1000000000"	"81.89092376991934"	"13210251264"	"73031680"	"3.9946792082887481"	"6345.5479223666762"	"35.240722002220302"	"38736.404282775991"	"92818.368744193212"
"09/21/2022 10:42:11.979"	"86.628773061652709"	"0.17095828112498676"	"298.30100286387199"	"0.00057308977560178314"	"9233.0099667774084"	"1000000000"	"0"	"13212229632"	"71254016"	"0.9910332321058869"	"5628.0777251293321"	"11.733496158294876"	"17208.301042286621"	"41933.589150096392"
"09/21/2022 10:42:12.980"	"87.474058452689079"	"0.14643938528222245"	"267.72061513100232"	"0.00054701521170084802"	"7660.8955223880594"	"1000000000"	"0"	"13208821760"	"74670080"	"1.9979150382910622"	"4422.3849372572668"	"16.497835174380736"	"21156.921297983205"	"51601.150651462412"
"09/21/2022 10:42:13.992"	"80.923436427366667"	"0.25291044677287655"	"436.82498017670241"	"0.00057895897902226383"	"8122.4977375565613"	"1000000000"	"59.297508621271817"	"13210021888"	"73256960"	"1.9765836207090606"	"5028.4287310838499"	"24.331941848189299"	"26516.857563622401"	"62714.033409667427"
"09/21/2022 10:42:14.988"	"73.169016913743917"	"0.33606524446587122"	"537.25419435979859"	"0.00062542049790645848"	"8073.3308411214957"	"1000000000"	"102.42977163495225"	"13211852800"	"71438336"	"3.0126403422044779"	"5556.3130044724585"	"27.025581535494759"	"33006.487589192264"	"80232.637593589665"
"09/21/2022 10:42:15.980"	"71.006909840380132"	"0.3843225050568353"	"704.8608231765013"	"0.00054535047060857208"	"7941.4935622317598"	"1000000000"	"0"	"13213782016"	"69398528"	"4.0335383300515097"	"6763.2353949138687"	"49.590437426962843"	"41818.717021391538"	"101536.26038238665"
"09/21/2022 10:42:16.984"	"88.348193431768792"	"0.13639511494424525"	"244.86967684332848"	"0.00055691088729949872"	"7838.1788617886177"	"1000000000"	"0"	"13210664960"	"72523776"	"0.9954051904200345"	"3982.6161668705577"	"13.664132306049137"	"19156.572889633564"	"42281.826273471801"
"09/21/2022 10:42:17.976"	"71.037868912340045"	"0.40510948242599365"	"692.76796520631297"	"0.00058386608341787834"	"8129.4883720930229"	"1000000000"	"0"	"13205880832"	"77103104"	"4.02772072794368"	"8103.7741046226838"	"44.848332536291935"	"37407.456260776926"	"95933.259228344556"
"09/21/2022 10:42:18.981"	"78.157957819360163"	"0.28196917488322787"	"507.92167141701947"	"0.00055607873531667452"	"7752.2823529411762"	"1000000000"	"491.98687388236789"	"13211742208"	"71196672"	"1.9918496918314488"	"5245.5361634381206"	"29.315070427170376"	"28172.722041264013"	"66547.698204088709"
"09/21/2022 10:42:19.985"	"93.025767450127546"	"0.079904322046698395"	"147.45251444501051"	"0.00054189085665531749"	"7631.5675675675675"	"1000000000"	"59.778046396625882"	"13209669632"	"73080832"	"0.99630077327709798"	"3616.5718069958657"	"5.8172637970454133"	"10661.414574838225"	"25854.005066540692"
"09/21/2022 10:42:20.971"	"88.478106611099932"	"0.13423285568132959"	"240.26437702693738"	"0.00055865020701959174"	"7785.8565400843881"	"1000000000"	"231.14041334237012"	"13210042368"	"72622080"	"1.0137737427296936"	"4026.7093061223427"	"16.041099991615514"	"16332.908769118092"	"38512.250712558329"
"09/21/2022 10:42:21.981"	"89.172258510377418"	"0.13286666518046236"	"251.68611305194213"	"0.00052795286856509543"	"7796.9133858267714"	"1000000000"	"59.453412531954832"	"13211967488"	"70701056"	"0.99089020886591384"	"3987.3422004764375"	"12.530683926452701"	"17502.093759198637"	"42252.54939625143"
"09/21/2022 10:42:22.983"	"93.284233707142192"	"0.07693853678669943"	"127.73295301572973"	"0.00060234326177952696"	"7832"	"1000000000"	"59.874821726123308"	"13212413952"	"70258688"	"0.99791369543538855"	"3515.6499490188739"	"5.6667178259704132"	"9027.1272889085249"	"22617.713907043082"
"09/21/2022 10:42:23.969"	"74.209904249862646"	"0.34008226848557466"	"547.33707008059434"	"0.00062129654937339294"	"7835.4962962962964"	"1000000000"	"60.815230008954927"	"13205827584"	"76853248"	"2.0271743336318306"	"5464.2484163046001"	"26.351408883293491"	"29971.772522746618"	"73083.689076094772"
"09/21/2022 10:42:24.973"	"77.821027175803906"	"0.28437096196969175"	"460.89894800980267"	"0.00061663054898587494"	"8041.6069114470838"	"1000000000"	"0"	"13207121920"	"75395072"	"2.9863862722017451"	"5394.4090696870853"	"28.409236807104755"	"28985.865157990138"	"69016.382212673067"
"09/21/2022 10:42:25.980"	"66.665349378956762"	"0.47442216165125922"	"819.72222239930534"	"0.00057915134934551158"	"8024.4363636363632"	"1000000000"	"0"	"13204848640"	"77606912"	"3.9744107752693592"	"7517.5979814219936"	"51.904932074125433"	"45035.042097270925"	"110185.57073087391"
"09/21/2022 10:42:26.984"	"57.966166100827834"	"0.65063657117816553"	"1034.7114954934214"	"0.00062880551626463062"	"8174.2427745664736"	"1000000000"	"0"	"13209972736"	"71852032"	"4.9841594195251506"	"9167.8628362745621"	"71.963913644268573"	"53669.428629446826"	"141614.92158696812"
"09/21/2022 10:42:27.984"	"52.344425318703557"	"0.718623466600807"	"1216.8719570324579"	"0.00059055052998807688"	"8110.3829087921122"	"1000000000"	"0"	"13193465856"	"88457216"	"6.9992635162096999"	"7678.1920772820404"	"74.221495410738754"	"62931.378169029442"	"160725.08801751136"
"09/21/2022 10:42:28.984"	"60.113597901823454"	"0.5512412928023166"	"994.90616465467963"	"0.00055407043416781838"	"8108.6391959798993"	"1000000000"	"59.994341587216859"	"13200691200"	"81256448"	"4.9995284656014052"	"8665.1827365803547"	"60.941659713240547"	"55209.792845636315"	"140919.70904852057"
"09/21/2022 10:42:29.972"	"44.710668226596944"	"0.86273268122093227"	"1135.7347483723772"	"0.00075962557340947473"	"8140.891265597148"	"1000000000"	"83.003787314202256"	"13206573056"	"75051008"	"6.0734478522587017"	"11504.12247348669"	"81.811301342615721"	"61491.635021501934"	"162479.91366755092"
"09/21/2022 10:42:30.974"	"52.077395974478179"	"0.75825167686819295"	"1263.422643552346"	"0.00059999999878368926"	"8549.1058451816752"	"1000000000"	"0"	"13210341376"	"71393280"	"6.9857492139545192"	"11868.787914508728"	"92.981230775435122"	"65507.366307598371"	"174947.11145758329"
"09/21/2022 10:42:31.981"	"63.133455710223593"	"0.53696184980826756"	"927.07398241540454"	"0.00057933638531443234"	"8201.8672376873656"	"1000000000"	"0"	"13197832192"	"83742720"	"4.9629228180696172"	"8411.1615920643872"	"61.23623681734346"	"50858.047870450217"	"126579.3464748656"
"09/21/2022 10:42:32.988"	"56.351781308211471"	"0.62380249981825209"	"1023.3341920132586"	"0.00060862378767076626"	"8118.573643410853"	"1000000000"	"0"	"13201059840"	"80592896"	"5.9496173954259222"	"8973.014635201529"	"60.4288634737566"	"57361.252912200558"	"144847.40190324103"
"09/21/2022 10:42:33.976"	"57.797206620204818"	"0.61148209491335992"	"1054.5819212604983"	"0.00058076936896084156"	"8292.4307692307684"	"1000000000"	"60.841264688105667"	"13206872064"	"74502144"	"5.0701053906754723"	"9323.9238134521929"	"70.735671678660083"	"56839.937513784585"	"146792.73333407068"
"09/21/2022 10:42:34.977"	"51.289983554830521"	"0.73312801352384871"	"868.16672203816586"	"0.00084236515813988658"	"8211.986222732492"	"1000000000"	"223.27134986974644"	"13194420224"	"86962176"	"4.9837354881639833"	"8125.4823399025572"	"57.845389027480756"	"53444.582627972923"	"131096.16526905593"
"09/21/2022 10:42:35.983"	"51.730641816618792"	"0.70646551557130066"	"1250.0484918881657"	"0.00056616232158742395"	"8217.2738853503179"	"1000000000"	"81.611446126456684"	"13194149888"	"87420928"	"6.9668307668926435"	"11210.625965468391"	"83.700675200616431"	"62540.244532857134"	"166159.90905192768"
"09/21/2022 10:42:36.977"	"72.983640841629324"	"0.34389617976506431"	"614.98562408741918"	"0.00055957469007375765"	"7937.2569558101477"	"1000000000"	"82.534895540373768"	"13206609920"	"75071488"	"3.0195693490380648"	"5671.7577606098321"	"30.062792485259937"	"34709.949667192552"	"85228.351399715728"
"09/21/2022 10:42:37.978"	"59.703659471364148"	"0.6030359575813049"	"1021.9029627738265"	"0.00059011739083913723"	"8208.0313111545984"	"1000000000"	"141.9865173325669"	"13207191552"	"74588160"	"4.9995252581889753"	"8936.1514464869742"	"62.503982077103416"	"56037.678808936951"	"141433.56983901121"
"09/21/2022 10:42:38.987"	"54.602693118902067"	"0.69684285723198014"	"1051.5826392568395"	"0.00066261764336265341"	"8183.3220338983047"	"1000000000"	"59.41144854558415"	"13191962624"	"89878528"	"5.9411448545584147"	"9399.881350720505"	"68.280875698860498"	"54627.83674685553"	"142819.18115872974"
"09/21/2022 10:42:39.987"	"50.48639022309905"	"0.78004422683778107"	"891.98998467546278"	"0.00087455144046665815"	"8037.596412556054"	"1000000000"	"282.99682249232734"	"13201965056"	"80302080"	"4.9999438602884689"	"8328.9064824685302"	"53.909545467499079"	"54730.385483489634"	"134749.48702354627"
"09/21/2022 10:42:40.978"	"58.945294283144634"	"0.64953937438613374"	"896.76486601801719"	"0.00072432456940545642"	"8167.7837837837842"	"1000000000"	"5662.3430222556553"	"13205921792"	"75849728"	"5.0493517230744205"	"8264.7789003282123"	"54.240900339129837"	"47155.895741792017"	"121546.98480750284"
"09/21/2022 10:42:41.982"	"68.435864935694184"	"0.44528139193966965"	"774.93153574768883"	"0.00057455011369039798"	"7957.7172236503857"	"1000000000"	"0"	"13210906624"	"70909952"	"3.9842238341783487"	"6756.2475668079342"	"44.744514073481987"	"40638.087052660609"	"101132.54963890757"
"09/21/2022 10:42:42.996"	"71.792001277178215"	"0.36107878198981608"	"649.85499317561062"	"0.00055515118307288686"	"7940.6545454545458"	"1000000000"	"59.077726652328245"	"13202001920"	"79822848"	"2.953886332616412"	"5855.5873400232676"	"39.947493784103663"	"38395.59918012566"	"93191.175278937648"
"09/21/2022 10:42:43.984"	"67.047594986370328"	"0.41803527671151791"	"713.25482125404767"	"0.00058664788949644247"	"8252.363636363636"	"1000000000"	"107.39348160927423"	"13204004864"	"77848576"	"4.0525842116707258"	"5965.4039595793083"	"36.738002918959154"	"37856.202267269167"	"93235.778665802543"
"09/21/2022 10:42:44.982"	"51.620511031026453"	"0.77902049378408023"	"994.72711750018175"	"0.00078316520706607072"	"8186.8387096774195"	"1000000000"	"0"	"13205659648"	"76226560"	"5.0137455519162391"	"8346.8835948301548"	"68.664705327902553"	"57182.770768715083"	"142393.38192175233"
"09/21/2022 10:42:45.982"	"54.835273199450207"	"0.63894492294764194"	"1109.4269907829876"	"0.00057567563752625411"	"8019.4882882882885"	"1000000000"	"0"	"13209653248"	"72413184"	"5.9969026528810137"	"9414.137681247712"	"71.096241503982355"	"58834.612443640144"	"187079.3751592761"
"09/21/2022 10:42:46.984"	"57.884381735920677"	"0.64890387939130378"	"1068.7998049490036"	"0.00060596469362407079"	"8201.5433364398887"	"1000000000"	"81.679015848852089"	"13195046912"	"87158784"	"5.9765133547940552"	"9597.2843622401197"	"70.371679607152672"	"56211.100272956355"	"145147.59550564669"
"09/21/2022 10:42:47.984"	"50.974571208166331"	"0.74532062335361282"	"1258.425866206991"	"0.00059347135413054665"	"8226.2420382165601"	"1000000000"	"0"	"13199441920"	"83415040"	"6.011588532835944"	"10100.470666586525"	"89.063664719707347"	"64188.736559355792"	"169365.4856670092"
"09/21/2022 10:42:48.983"	"60.652830266873458"	"0.55887894269673954"	"996.33571891375834"	"0.00056110550816438395"	"8028.3658291457286"	"1000000000"	"60.080545864146231"	"13208772608"	"73859072"	"6.0080545864146231"	"8109.8723492286717"	"61.679053331345933"	"53294.448208790913"	"134970.94628380451"
"09/21/2022 10:42:49.979"	"67.273442802012681"	"0.44574553953281049"	"800.62698715142778"	"0.00055639118970354816"	"7948.1904761904761"	"1000000000"	"142.4674588665448"	"13197824000"	"84926464"	"4.0131678553956283"	"6422.0718605968532"	"40.391573401440041"	"44281.294116435354"	"108079.6268056235"
"09/21/2022 10:42:50.989"	"66.914235484078773"	"0.43323058702942457"	"482.24498304279268"	"0.0008989727088811279"	"8080.5585215605752"	"1000000000"	"0"	"13206413312"	"76320768"	"1.9804722096213252"	"5314.5971745188263"	"31.967558569499911"	"31742.018339705788"	"74370.692415700003"
"09/21/2022 10:42:51.981"	"62.18918644420971"	"0.49944996962654314"	"875.38174422870736"	"0.00057050709812315841"	"7994.9861751152075"	"1000000000"	"0"	"13205053440"	"77602816"	"5.0425215681377153"	"6745.8853538546355"	"51.14679340915653"	"47196.993373455385"	"113739.1164909143"
"09/21/2022 10:42:52.988"	"71.378189995294434"	"0.36399202216885218"	"659.44004717812197"	"0.00055195763710484138"	"7886.6506024096389"	"1000000000"	"81.436873296093381"	"13209886720"	"72880128"	"2.9793978035156115"	"6401.7327471538774"	"34.824075157350819"	"39749.139229302942"	"92971.115326103478"
"09/21/2022 10:42:53.979"	"85.841879278540915"	"0.1722687461023944"	"317.70434995311672"	"0.00054222251715633574"	"8052.2158730158726"	"1000000000"	"143.21910378838911"	"13206876160"	"76091392"	"2.0171704758928044"	"4455.9295812472055"	"20.415218108067577"	"18837.346489124953"	"46176.057948900132"
"09/21/2022 10:42:54.979"	"84.690438449499055"	"0.19417807729507339"	"335.96141580589352"	"0.00057797627678719224"	"7701.333333333333"	"1000000000"	"0"	"13209690112"	"73629696"	"0.99988516608896882"	"4522.4806062204061"	"17.19684847580708"	"21318.551626182903"	"50794.166437319611"
"09/21/2022 10:42:55.987"	"65.026551433491619"	"0.42957415100806534"	"604.33082267310829"	"0.00071083760425033659"	"7870.8440065681443"	"1000000000"	"322.50823870075561"	"13209522176"	"73908224"	"2.9769991264685136"	"5154.177820959153"	"34.103930548904273"	"34256.328948273185"	"84420.74889535195"
"09/21/2022 10:42:56.975"	"93.02463102271706"	"0.078170257047499261"	"92.083518665259547"	"0.00084835195293723944"	"7269.2747252747249"	"1000000000"	"0"	"13213167616"	"70524928"	"56.666780717082794"	"3512.3284976606142"	"7.444947432020987"	"9788.1744620775335"	"24912.133472747522"
"09/21/2022 10:42:57.989"	"99.677086846705052"	"0.0047310394231601331"	"1.9719596281906797"	"0.0023999194145492668"	"6144"	"1000000000"	"80.850344755817872"	"13213986816"	"70574080"	"0"	"1028.3769461014394"	"56.878546924321704"	"147207.77222424833"	"275031.18130338233"
"09/21/2022 10:42:58.980"	"99.649074238207191"	"0.0056498412041506556"	"6.0553162612765457"	"0.00093331981687769022"	"9472"	"1000000000"	"60.553162612765455"	"13215420416"	"70500352"	"3.0276581306382728"	"3333.4516018327381"	"6.9920114272074008"	"17327.287481642834"	"40271.890014996541"
"09/21/2022 10:42:59.980"	"99.699282327149831"	"0.0048994733066195385"	"1.999843460899869"	"0.0024501249202807146"	"6144"	"1000000000"	"0"	"13215428608"	"70500352"	"0"	"3024.7632346110518"	"0.7919148691515665"	"1841.8558274887794"	"8545.33110842514"
